window_id,Group,slope,intercept,r_squared,p_value,upper_ci,lower_ci
1,1,0.16940411612958234,0.5182548722933573,0.04179305134168165,0.15442018786600228,-0.06600004934022954,0.4048082815993942
1,2,-0.18491187011416846,0.6280270190039886,0.028281107875286926,0.2430486468390942,-0.4994689554739099,0.12964521524557301
2,1,0.16284005459202255,0.4993842030004551,0.050267800700757426,0.11751963477353129,-0.042573664357525964,0.36825377354157107
2,2,-0.17529718004137734,0.6282114501848739,0.020724188789046027,0.31856816174949987,-0.5250016959934858,0.17440733591073104
3,1,0.1764255094111934,0.4958144244441468,0.041357376877979246,0.15663253850643435,-0.07007954117403956,0.42293055999642637
3,2,0.020444364996763425,0.5937584953694248,0.0002551964774141213,0.912322707366825,-0.35091418992400103,0.3918029199175279
4,1,-0.03225490625128566,0.5306148073329426,0.0006631997393629074,0.8590980730248275,-0.39561909051357746,0.3311092780110061
4,2,-0.3174040603039461,0.6385742599983526,0.08487544371886435,0.04010166366225879,-0.6198683595950749,-0.014939761012817243
5,1,0.22443641619268997,0.4778036027947662,0.10941719230912039,0.018960817714171182,0.03861307580158857,0.4102597565837914
5,2,-0.2704903662646317,0.6340886673414371,0.08013715583381831,0.04636679619884496,-0.5364458474010683,-0.00453488512819511
6,1,0.18201726389169126,0.500436995832193,0.10413926078060265,0.02227235432212821,0.027086323934894185,0.33694820384848834
6,2,-0.43708108132567447,0.6643188516267114,0.24139428108032468,0.0002910897074036831,-0.6619446732817454,-0.21221748936960352
7,1,0.2347349063205066,0.4958037928447721,0.11673424376574071,0.015165808849942525,0.04734905199946704,0.42212076064154613
7,2,-0.28855656655747564,0.6257966115946675,0.13444514436118538,0.008817057640473008,-0.5010366687824496,-0.07607646433250173
8,1,0.2548627572750478,0.45926973672437316,0.20791791175394514,0.0008751538972421931,0.11049902934189443,0.3992264852082012
8,2,-0.44280599969954487,0.6542367703821682,0.254430343217834,0.0001876698962603387,-0.6627872794866321,-0.22282471991245761
9,1,0.3311961907893752,0.46755309130092865,0.20429150827713627,0.0009839175842906189,0.14150387461910635,0.5208885069596441
9,2,-0.4296525892049816,0.6463809225204938,0.18033868919131923,0.0021135497403033505,-0.6954818381878273,-0.16382334022213596
10,1,0.37302518537625656,0.45448785080851856,0.2714889885068069,0.00010465846638440824,0.19569091492095378,0.5503594558315593
10,2,-0.5233280912023758,0.6721867315950613,0.1692742306270819,0.002994103533544228,-0.8597777030896034,-0.18687847931514806
11,1,0.3124101715145699,0.44735861251364806,0.22858455338467265,0.0004454795075664792,0.14585487110988865,0.47896547191925115
11,2,-0.21713300358559615,0.6191051961091935,0.034389851981496466,0.19727820126008594,-0.5510389586232457,0.11677295145205338
12,1,0.1343880019202064,0.5141063530028905,0.024602423872049695,0.2766807144021636,-0.11118179540569093,0.37995779924610373
12,2,-0.5671362963633154,0.6555588062601094,0.23821249213835605,0.00032371052935671694,-0.8614663888719036,-0.2728062038547272
13,1,0.05946396907642553,0.5318820127060376,0.004059795512050379,0.660230113585667,-0.21082667541161948,0.32975461356447056
13,2,-0.4497086121827775,0.6653048902601892,0.2337173084625036,0.00037589811792141953,-0.6860244569805127,-0.21339276738504231
14,1,0.19666893812950664,0.5062478224498578,0.03725608345467013,0.1792740673551602,-0.09346940909493823,0.4868072853539515
14,2,-0.3435788295089722,0.6318459587173871,0.11449370770828504,0.01623970675447179,-0.6208750683675648,-0.06628259065037972
15,1,0.22494920227565404,0.49121564679001756,0.07268362925346639,0.05831012465635429,-0.008231542867119662,0.4581299474184277
15,2,-0.38025012748929093,0.6334555984148618,0.11741618568614309,0.014853174356305104,-0.6827992731085807,-0.07770098187000118
16,1,0.3229906418676749,0.4907836101421916,0.07522165820590387,0.05392505959553228,-0.005671650694409058,0.6516529344297588
16,2,-0.45404932805918297,0.6397339334365809,0.2031954116170751,0.0010193023256026136,-0.7149856696958456,-0.19311298642252023
17,1,0.1908154622918718,0.5099939740656383,0.037488598711399534,0.1778968939949415,-0.08977924101334478,0.47141016559708837
17,2,-0.39641929503464035,0.6465612759011561,0.14873735220351247,0.00567520173319515,-0.6716450792581515,-0.12119351081112917
18,1,0.07384923441121462,0.5370733894477075,0.008825672863722489,0.5163852081447681,-0.15327301149282357,0.30097148031525284
18,2,-0.33259467149836736,0.6251747695033909,0.0963267164215228,0.028264766965916583,-0.6282326319966796,-0.03695671100005521
19,1,0.21393714994977944,0.5139789345578568,0.05864735357127848,0.09018376392734274,-0.034805775202847306,0.46268007510240616
19,2,-0.2701137429192619,0.6012848807687337,0.061098696213105375,0.08352372788615656,-0.5774071535744352,0.03717966773591136
20,1,0.2079013219571551,0.5230379448733938,0.07274264550544352,0.05820411178253142,-0.00751341731932581,0.423316061233636
20,2,-0.41171853951434306,0.624745689017921,0.13619692875193778,0.00835491056684176,-0.7126285982788019,-0.1108084807498842
21,1,0.2686932637557381,0.49767425101651325,0.1771542086628899,0.002337080086934332,0.10063772334638743,0.43674880416508877
21,2,-0.6079538600936887,0.6767578103099028,0.29968036858520364,3.885348516427872e-05,-0.8776670532684557,-0.33824066691892163
22,1,0.19640116212430092,0.5394532912024469,0.0782229417662691,0.049172478592905515,0.0007409610218538643,0.392061363226748
22,2,-0.34333624671287577,0.6226270867960478,0.10582032927006646,0.021159328975478592,-0.6329772639546609,-0.05369522947109062
23,1,0.13384014694972812,0.5625311066798228,0.03574069271000124,0.18854954244801622,-0.06791025514287657,0.3355905490423328
23,2,-0.5130860961243058,0.6508344578598034,0.2654484255781876,0.0001288667852619575,-0.7607848851308077,-0.2653873071178039
24,1,0.09035350366670836,0.5812735959520905,0.0161527553475852,0.37911368326612704,-0.11429006207959219,0.2949970694130089
24,2,-0.6051599895996665,0.6596819162242391,0.296317327541454,4.38068245361962e-05,-0.8758004218375504,-0.3345195573617827
25,1,0.13957613980181185,0.5746490847966886,0.03579080564987691,0.1882342715078038,-0.07066787792354554,0.3498201575271692
25,2,-0.5506274677706517,0.6608341104981198,0.1836650613853429,0.001902350790893258,-0.8875199791885486,-0.21373495635275486
26,1,0.18818108305287132,0.5660829794263739,0.06040745019636351,0.08534788658200451,-0.027202729850302698,0.40356489595604533
26,2,-0.5264678065506663,0.688924832775579,0.20992681484467957,0.0008200293096291973,-0.8228718264705802,-0.23006378663075233
27,1,0.17273645667062137,0.5617328422085048,0.06213266052426902,0.08087090318140602,-0.022026924161123757,0.3674998375023665
27,2,-0.5582056344215647,0.6846791612907291,0.13818339039623861,0.00785968858311815,-0.9627687553791971,-0.1536425134639322
28,1,0.23977787994150399,0.5610619080979244,0.04289294743059713,0.14898651962524068,-0.08892915298687717,0.5684849128698851
28,2,-0.3941210818365897,0.6891225049465493,0.19531908618292426,0.0013125895859899127,-0.6262780597754527,-0.1619641038977268
29,1,0.1791330869586278,0.5622257663630801,0.07306946410776372,0.05762061016518692,-0.006025565242144648,0.3642917391594003
29,2,-0.2680929292405405,0.6545078874751916,0.029414106464140333,0.2336923134895081,-0.7150204358910996,0.17883457741001868
30,1,0.06451912874545586,0.5896196527592124,0.006325476691606657,0.5829855637080805,-0.17016110332481715,0.2991993608157289
30,2,-0.5119028260960234,0.6977659409545812,0.2798181140173597,7.836675339716001e-05,-0.7502353316777765,-0.27357032051427044
31,1,-0.02216155410908737,0.6282251635994544,0.0007284442682531367,0.8524033424903518,-0.2603695730445322,0.21604646482635742
31,2,-0.5473187271654217,0.7138485314738771,0.3304395226768658,1.2656601105546913e-05,-0.7734193650382649,-0.32121808929257856
32,1,-0.0573382061566249,0.6458397061011353,0.005429847642108077,0.6110587281206716,-0.2825445178154972,0.16786810550224743
32,2,-0.6275452754158248,0.7207835307314665,0.46333921351520946,5.362275465454619e-08,-0.8235461612971198,-0.4315443895345299
33,1,-0.12812585485492062,0.642944052007087,0.019760387257941714,0.3302071632696637,-0.3900151470719294,0.13376343736208818
33,2,-0.590532892956124,0.7117560561258673,0.35420434624682107,5.15309229003654e-06,-0.8219403107576649,-0.35912547515458304
34,1,0.06438975769170634,0.6071995140164936,0.0077992210553269326,0.5419495812859432,-0.14637768439765492,0.2751571997810676
34,2,-0.5940392323349941,0.7038860296997692,0.23340340631451095,0.00037983233647411607,-0.9064726956741376,-0.28160576899585066
35,1,0.04265801653569925,0.6075906056813113,0.003507619223513281,0.6828686185981518,-0.16600428622551697,0.25132031929691545
35,2,-0.5079788528469433,0.69685317357663,0.17607276105818292,0.0024181142880881933,-0.8268803390969426,-0.18907736659694413
36,1,0.16314275281847399,0.5755313780476066,0.04247167377212524,0.1510424295072412,-0.06166251322863006,0.38794801886557806
36,2,-0.5969111015119426,0.6937106172014782,0.30085400858169187,3.7255693862216356e-05,-0.8609866910812044,-0.3328355119426808
37,1,0.08065981347639863,0.584052364269982,0.009885603703229107,0.49209932767244213,-0.1536070538004583,0.31492668075325553
37,2,-0.37663720102485815,0.6559358576563318,0.1325982081781344,0.009331608761673636,-0.6561985392284068,-0.09707586282130953
38,1,0.1848038998348377,0.5658168055421531,0.04961609830340419,0.11998765713602852,-0.04992249575154978,0.41953029542122516
38,2,-0.3155396894918479,0.6210180935923851,0.08705529084079366,0.037514879891782454,-0.6120851045198594,-0.01899427446383639
39,1,0.1297992023696586,0.5772575895749522,0.021981145170778094,0.30416825585512186,-0.12146640493333352,0.3810648096726508
39,2,-0.35832229855210085,0.6222023200162493,0.10106498768913363,0.024461382622517742,-0.6684568742894863,-0.048187722814715395
40,1,0.10128323480075353,0.5935028530738484,0.013647080889882424,0.4191332311131857,-0.14860534849946172,0.35117181810096876
40,2,-0.38515526924397686,0.6294032409278479,0.12133327566874264,0.013177347921078546,-0.6859502184509,-0.08436032003705374
41,1,0.12917173060137677,0.564746764422759,0.01374095962546118,0.41752688191732645,-0.18841841043296487,0.4467618716357184
41,2,-0.3009097076413266,0.598383081975496,0.07017920150609658,0.06299693210427858,-0.618775785242893,0.016956369960239803
42,1,0.13549731258275466,0.5591541944780585,0.017500052725297532,0.35977702587011073,-0.1591414202807105,0.4301360454462198
42,2,-0.4490385054362202,0.6091348251305929,0.1896705421323488,0.0015719377979162613,-0.7183947334516734,-0.17968227742076703
43,1,0.1494081003774347,0.560366340718576,0.02877577578248447,0.23891011965462491,-0.10249466999596982,0.40131087075083927
43,2,-0.4703699244174149,0.6331787846063518,0.27307842152804895,9.905859509893085e-05,-0.6930863258424671,-0.24765352299236262
44,1,0.19925515788325748,0.5582954167438193,0.05396111415509963,0.1045205199023203,-0.04286791628365186,0.4413782320501668
44,2,-0.46158307763111195,0.5805959967635188,0.09359595007284904,0.030720916588878554,-0.8784475041729154,-0.04471865108930856
45,1,0.1360003081848524,0.5809171631249874,0.017812251637380427,0.3554883725628505,-0.1570824736348154,0.42908309000452016
45,2,-0.2995751114865241,0.5773241973945663,0.07778609881974208,0.04983668052991651,-0.5989277796985225,-0.00022244327452569657
46,1,0.08397792018793945,0.5993475677055866,0.006692046820576003,0.5722332310763953,-0.2129425590173343,0.38089839939321324
46,2,-0.2434626829527269,0.5755504643419719,0.040818160831948336,0.1594192850308439,-0.5859691122861485,0.0990437463806946
47,1,0.21972797432851354,0.5807812451378994,0.04971180999427649,0.11962173463677876,-0.05907396936966686,0.49852991802669394
47,2,-0.1595614738875463,0.580997945105047,0.01924147247715846,0.33670308220310696,-0.4901612088012265,0.17103826102613387
48,1,0.23454698385240383,0.5868055004974171,0.05514917324972379,0.10067146547799474,-0.04719692804668704,0.5162908957514947
48,2,-0.2540686667027317,0.6082560357098564,0.07824762795243101,0.049135215113650446,-0.5071354921479658,-0.0010018412574976376
49,1,0.17884265865891683,0.5710271167465361,0.032615971920743725,0.209450535537968,-0.10381970008268324,0.46150501740051686
49,2,-0.3416005479840116,0.6026772807622776,0.06915001341686511,0.06503391795124781,-0.7053269612003031,0.022125865232279884
50,1,0.12997698165216853,0.576749719349557,0.01641910477730979,0.37517995060467,-0.16197358318069166,0.4219275464850287
50,2,-0.25576218287619407,0.6082537491335834,0.03665409502608474,0.18289567804064055,-0.6362833097344438,0.12475894398205573
51,1,0.23920415195114797,0.5630272230232232,0.06493291280897961,0.07411848286797508,-0.024228875888975376,0.5026371797912713
51,2,-0.37021051056699994,0.629232176375627,0.06542475219945976,0.07299439504274814,-0.7762772383720734,0.03585621723807353
52,1,0.07813810646032493,0.577418187084528,0.007382391360346685,0.5529909691034949,-0.18480870274699934,0.3410849156676492
52,2,-0.5162111899881052,0.6582726467410258,0.17732736829001328,0.0023243536293888895,-0.8388864154733586,-0.19353596450285182
53,1,0.06835549852209209,0.5725337324261187,0.005993694283605411,0.5930705991591241,-0.1871106133626323,0.3238216104068165
53,2,-0.425053828397286,0.6603379493890106,0.14108454581470586,0.007187953000506955,-0.7294169191383223,-0.12069073765624971
54,1,0.13603656041546763,0.5693512007124868,0.021566664151409398,0.308823236893828,-0.12987813740317383,0.4019512582341091
54,2,-0.3678721313681139,0.6413014250442506,0.10092237349637301,0.02456800000616768,-0.686522425045134,-0.04922183769109384
55,1,0.199479087009477,0.5507344459766262,0.054354357754206384,0.10322949584351385,-0.04198745769114576,0.44094563171009976
55,2,-0.4568375785537641,0.6626625620257628,0.22242207981844675,0.0005456125733435432,-0.7047266606910204,-0.20894849641650778
56,1,0.24523978195320273,0.5445586728767946,0.06706403993415166,0.0693738978396401,-0.02021133023319238,0.5106908941395978
56,2,-0.4233173091102653,0.6518866677190279,0.1474952455168378,0.0058974810176244796,-0.7186679980980494,-0.12796662012248128
57,1,0.12213676387265941,0.5681501355256083,0.01864562935243952,0.3443706358513303,-0.1350113735992493,0.37928490134456816
57,2,-0.3988569327241277,0.6415430720598448,0.17828558425574548,0.002255142307486444,-0.6473601702162832,-0.1503536952319722
58,1,0.30777309317433454,0.5405546341530003,0.12575202314226241,0.011510895771707386,0.07226651408747023,0.5432796722611989
58,2,-0.441157205818519,0.6307745113212567,0.19238905233123116,0.0014414339151688556,-0.7034684247498366,-0.17884598688720138
59,1,0.005011300645197637,0.6049349427032139,3.336542516263474e-05,0.9682432432861566,-0.24676071023276283,0.2567833115231581
59,2,-0.40665656395638383,0.6161866613575551,0.2036702595315053,0.0010038237134419273,-0.6400147355536026,-0.17329839235916514
60,1,0.1391051624239649,0.5855109048220957,0.02708787221128872,0.2533882481385298,-0.102833445496159,0.38104377034408876
60,2,-0.49391013717176463,0.6487146785437801,0.36785224922776516,3.033936643270204e-06,-0.6818128705055859,-0.30600740383794334
61,1,0.08075416385182888,0.6086624819489115,0.01135112102332314,0.46148224542421257,-0.13796113074993446,0.2994694584535922
61,2,-0.43835586821023187,0.6240802818428539,0.24974610976608236,0.00021988813950535286,-0.6588485369293232,-0.21786319949114055
62,1,0.018149621480011306,0.6396469141058059,0.00047234204080370823,0.8809151420827896,-0.22414805327172638,0.260447296231749
62,2,-0.5487952800726609,0.6269001962984747,0.29848499609389634,4.054876885101482e-05,-0.7929584552980804,-0.3046321048472413
63,1,-0.02525733910533991,0.6583048031459899,0.0007393816346190629,0.8513118295636836,-0.29472411040060476,0.24420943218992494
63,2,-0.4642465977186325,0.6001950044129005,0.21878939643341588,0.0006145314586891238,-0.7188312546545754,-0.20966194078268957
64,1,-0.02368803035667238,0.6737189378769097,0.0004628923974117072,0.8821038432188315,-0.3431366052958529,0.2957605445825081
64,2,-0.471534229942487,0.6139491907030252,0.2589605207208282,0.000160884349852745,-0.7030228708332132,-0.24004558905176077
65,1,-0.00734223761795217,0.6772325489199171,7.323785687418649e-05,0.9529648098375005,-0.25631812281912875,0.24163364758322442
65,2,-0.39285525203539473,0.5972961204918918,0.17242535860341046,0.0027121629304524652,-0.6426297812457248,-0.14308072282506465
66,1,0.08451946559114587,0.6596564314342417,0.010071627402108319,0.48803364235671287,-0.15865690377220784,0.3276958349544996
66,2,-0.49110825748760295,0.598303434718485,0.2043669469688042,0.0009815266578272332,-0.7723248123401518,-0.20989170263505408
67,1,-0.06401670327145523,0.6735249544990044,0.004198321967294638,0.6548404225596628,-0.3501407959581285,0.22210738941521804
67,2,-0.40452314249687793,0.5807489694476646,0.14644668790307602,0.006091762447776864,-0.6879437917209343,-0.12110249327282158
68,1,-0.14637051739654955,0.6908802225658965,0.023505537876358118,0.2877901338675874,-0.4201595017653807,0.1274184669722816
68,2,-0.4454657330236057,0.5963444365604437,0.167128105172638,0.0032023163241131376,-0.7340623448465233,-0.15686912120068808
69,1,-0.056787299785054035,0.6839798330984459,0.003838841403774995,0.669057478125208,-0.3222652787451703,0.20869067917506223
69,2,-0.27615000278998464,0.5670044467334704,0.04973639277873898,0.11952794389946425,-0.6264519292397506,0.0741519236597813
70,1,-0.05913084800596731,0.6623453324488338,0.0029108840061119468,0.7098001545236978,-0.3767313735589479,0.25846967754701333
70,2,-0.4067498184798794,0.6094600494427506,0.12955513307639854,0.010244766571666215,-0.7127229257156784,-0.10077671124408039
71,1,0.12978845474431164,0.6300429927293925,0.017415185359100027,0.36095489598401376,-0.15313542332166827,0.4127123328102915
71,2,-0.41829597373121796,0.6401697431135552,0.18398843567149292,0.002103492174985368,-0.6767954162227348,-0.15979653123970122
72,1,-0.06127267990310471,0.6495199929580302,0.0028753232191151,0.711500824609272,-0.39241206596026323,0.26986670615405384
72,2,-0.4631709378411538,0.6217531512072141,0.17063279923887698,0.0031790450358332198,-0.7628155718400742,-0.16352630384223343
73,1,-0.04679181212717229,0.655795002824677,0.001576225958491162,0.7842837789228788,-0.38855922502715545,0.29497560077281093
73,2,-0.45429373398639467,0.6136335368546848,0.14180179749612498,0.007656219848922812,-0.7822475677052201,-0.1263399002675692
74,1,0.08524289127727246,0.6164781185517028,0.00845263085994341,0.5254249286703585,-0.18269338706712357,0.3531791696216685
74,2,-0.396858330581227,0.5957104597339166,0.10377313943939681,0.023989191585915462,-0.7390938129602342,-0.0546228482022198
75,1,0.02991534657190564,0.6251312286799662,0.0013452040760199013,0.8003677717096603,-0.20663316214714053,0.2664638552909518
75,2,-0.4976446785548232,0.6398522667853624,0.27251731686865954,0.0001195517782061321,-0.7362371167747495,-0.25905224033489693
76,1,-0.006891262812312312,0.6312040002963502,5.4961878673154274e-05,0.9592482085513157,-0.27664573932842196,0.2628632137037973
76,2,-0.4276899324946005,0.6135220969916129,0.12820045516857237,0.01153643155170446,-0.7549670157081165,-0.10041284928108457
77,1,-0.0014182166176266464,0.6381681844833257,1.5960847750129403e-06,0.993052611963686,-0.327200012462369,0.32436357922711573
77,2,-0.3961050777814374,0.6131405096037844,0.1215531664259446,0.014085124445628436,-0.7085748749504086,-0.08363528061246622
78,1,0.024520729713828043,0.6267599606655024,0.0010636320681385314,0.8221050751563723,-0.19356093737833566,0.24260239680599174
78,2,-0.5008830392176085,0.6052851545451655,0.14085326362448447,0.007878921012882907,-0.8638855043687047,-0.13788057406651222
79,1,0.0611577014956135,0.6177918463660887,0.003870155246047835,0.6677885230851183,-0.2235882151288059,0.3459036181200329
79,2,-0.41595046957585513,0.6313836758937253,0.13765392768285623,0.008678131132331107,-0.7214504192683534,-0.11045051988335686
80,1,0.12147631119760521,0.6189054883196985,0.01277762514836922,0.4344533286823993,-0.18839872175171435,0.4313513441469248
80,2,-0.4298826141718872,0.6279033415145854,0.12136387964423356,0.014165330477295296,-0.7692989301160661,-0.09046629822770835
81,1,-0.0034432610369162574,0.6366201562446577,8.028962251938054e-06,0.9844187653227396,-0.35609908783076444,0.3492125657569319
81,2,-0.4192325618089855,0.6337790182275281,0.09469315722558225,0.03148058779086211,-0.799611658851783,-0.03885346476618806
82,1,-0.09453158409774712,0.6663525108112565,0.008954112045391094,0.5133350261072974,-0.38315072022141117,0.19408755202591696
82,2,-0.37580816812518975,0.620681322485073,0.07156502575060064,0.06312624240709162,-0.7730130507357708,0.021396714485391266
83,1,0.18620472272767183,0.5943881834291943,0.04042255354202773,0.16149872939126791,-0.07708348157735037,0.44949292703269406
83,2,-0.4347246578296584,0.6422739249704007,0.1138829691413572,0.017725529977680152,-0.7905635869066198,-0.07888572875269706
84,1,0.11452049173295639,0.6073619929964229,0.013049249046033329,0.4295792158919889,-0.1745147189660475,0.40355570243196026
84,2,-0.25363824876998486,0.6017693513277572,0.05324778783254469,0.11066822340490633,-0.5674759821025837,0.060199484562613925
85,1,-0.14365108740812446,0.6387709919808064,0.01777919203426115,0.3559392419048131,-0.4535143146597387,0.16621213984348973
85,2,-0.23372107246799367,0.5932713301283222,0.053661281129006144,0.10925466931255604,-0.5217351328328893,0.054292987896901956
86,1,-0.034713407896430626,0.6194184625464163,0.0009752621297846042,0.8295405412746122,-0.3571447563694682,0.28771794057660693
86,2,-0.38907458344831697,0.6245483412925701,0.13202845215144432,0.01028158839704555,-0.6818097332998322,-0.09633943359680175
87,1,0.11845549691405614,0.5906608735978687,0.01655832290796211,0.373146198773775,-0.1464761973886623,0.3833871912167746
87,2,-0.4571154263921742,0.6435030631991299,0.1783470535547822,0.002505649744112411,-0.7450276807029115,-0.16920317208143681
88,1,0.09807437032010459,0.5898615134267419,0.014053531052428125,0.41224273943016654,-0.14032331524138753,0.3364720558815967
88,2,-0.161640627925769,0.58513296411877,0.01385573387168948,0.42052683358695087,-0.561796341552844,0.23851508570130592
89,1,0.17079879316946578,0.5835534534878195,0.030413653723706413,0.22578895379507344,-0.10907118376918962,0.4506687701081212
89,2,-0.1917767572691976,0.5829880412676501,0.023716189012025546,0.2907427171311055,-0.552841095956537,0.1692875814181418
90,1,-0.25866237491243854,0.6478117434625866,0.04313702153313581,0.14780945444118354,-0.6122081292358879,0.09488337941101077
90,2,-0.3307173718328525,0.6286019480423385,0.1437141764974057,0.007225882951607483,-0.567603490856661,-0.093831252809044
91,1,0.09573198273080179,0.5935246143370642,0.009861306999703778,0.49263446835638147,-0.1826559445464086,0.3741199100080122
91,2,-0.45716036804167626,0.6023992591076753,0.1653888086495343,0.0037346055000542066,-0.7585169277727355,-0.15580380831061708
92,1,0.1730643882475598,0.5741169457323324,0.041957485678914,0.15359416793199349,-0.0669337883706965,0.41306256486581605
92,2,-0.2693652501236395,0.5614723181658418,0.0626511202997877,0.08280920229329053,-0.5751042305866209,0.03637373033934188
93,1,0.2218508103325312,0.5690189784429224,0.06944671694231785,0.0644397997974223,-0.013826812849152215,0.4575284335142146
93,2,-0.42461599398491134,0.5873303885745129,0.15878161410531166,0.004571149376302356,-0.7114123663170873,-0.13781962165273542
94,1,0.005584397566901387,0.626779786151836,5.399043984566365e-05,0.9596096527623983,-0.21497153266131425,0.226140327795117
94,2,-0.39756991598465985,0.5858401063328285,0.1102479296089578,0.01976355208864302,-0.72899534686171,-0.06614448510760973
95,1,0.07020390275254636,0.6240006306525128,0.009150078291793151,0.5087403694497011,-0.1418104965834434,0.2822183020885361
95,2,-0.40026591254660876,0.5869793544856406,0.09234946989959525,0.033770046526033805,-0.768491334757029,-0.0320404903361885
96,1,0.0055482136073417825,0.6426662302801623,6.68091362018286e-05,0.9550743452133459,-0.19143685321497128,0.20253328042965485
96,2,-0.2609301786398511,0.5613591532171948,0.030095318339873334,0.23323167901664035,-0.6956029156659367,0.17374255838623448
97,1,0.05486260811818725,0.6412449200624524,0.0053664468532629295,0.6131536917445757,-0.16189639920669768,0.2716216154430722
97,2,-0.4203892004282164,0.5997828864752704,0.12748178716268677,0.011788345097130521,-0.743118029907319,-0.0976603709491139
98,1,-0.030536680233643813,0.6628490426881275,0.0010470035183293147,0.8234787635479254,-0.30427326528987514,0.24319990482258752
98,2,-0.5443084730047135,0.6193949655773449,0.14636103458704508,0.006669263163026073,-0.9300465472633572,-0.15857039874606976
99,1,-0.013541319323950373,0.6662701901559416,0.00022572029230316648,0.9175229520174144,-0.2750819849134225,0.24799934626552178
99,2,-0.3545902676810088,0.5897982735218891,0.10143378138257952,0.0257286109983487,-0.6642848302362239,-0.04489570512579377
100,1,0.0724149940276525,0.6413930773826804,0.008006199912843126,0.5366154109279363,-0.16151307194244288,0.3063430599977479
100,2,-0.3884696873504053,0.5940614757900528,0.108979135251007,0.02052853537451797,-0.7144207696422495,-0.06251860505856105
101,1,0.009397749156823055,0.6642761331492698,0.0001576728772282321,0.9310312059147547,-0.20778417605791089,0.22657967437155702
101,2,-0.4415874652850597,0.614334503006892,0.20751134049896092,0.001005336993736449,-0.6948175967657941,-0.18835733380432523
102,1,0.006998756023717052,0.6529165787165706,5.604634996192459e-05,0.9588484708374809,-0.26429986337614253,0.2782973754235767
102,2,-0.6376079439071277,0.6328255164278541,0.2507954689800048,0.0002475255972351426,-0.9609908853612643,-0.3142250024529911
103,1,0.11349421887280883,0.6429409187228974,0.02262428111592818,0.29711941986955226,-0.10299171625049566,0.32998015399611336
103,2,-0.40407369857771436,0.6099577816491187,0.1608512957939584,0.0042911035225736485,-0.6748999746989346,-0.13324742245649412
104,1,0.04703921148595874,0.6632744308754107,0.00420697600766895,0.6545072581866059,-0.16298633451763794,0.25706475748955543
104,2,-0.31871466193296877,0.5894040320391485,0.10586007962293464,0.022536958780702214,-0.5905223336637091,-0.046906990202228493
105,1,-0.0468460969540817,0.6795070994158349,0.004139792252053853,0.6571045382875316,-0.2577069193742179,0.1640147254660545
105,2,-0.3870629172616839,0.587281208880288,0.13291432474602427,0.010010969894856251,-0.6771642405296332,-0.09696159399373455
106,1,-0.038248258297227056,0.6831672958199174,0.002342478459864794,0.7385505927486391,-0.2673229803602347,0.19082646376578058
106,2,-0.24339309467381462,0.5702316231901818,0.052056138587403766,0.11485218540592457,-0.5481732037284139,0.06138701438078467
107,1,0.052806484423581074,0.6485085587497504,0.0065229150088086385,0.5771453352716662,-0.13632241262349704,0.24193538147065918
107,2,-0.439040865935415,0.6009103387234784,0.14023274359710358,0.008028045790573446,-0.7580430926897581,-0.12003863918107194
108,1,0.12992629622986382,0.6311282399006322,0.03835170582364911,0.17288759257415345,-0.05888388781717874,0.3187364802769064
108,2,-0.5535266232146054,0.6099052859091016,0.1992273219704226,0.0013060632340892787,-0.8791696045305417,-0.22788364189866922
109,1,0.25160597195112727,0.5986959518579611,0.12424223315269911,0.012055387566683458,0.05774477645650242,0.4454671674457521
109,2,-0.4496506226381898,0.591540581049475,0.12517761219552903,0.01263326819093214,-0.798465375728103,-0.10083586954827656
110,1,0.1693474868124289,0.618802611657757,0.05286584720367127,0.1082075656984753,-0.03867461184266835,0.37736958546752614
110,2,-0.4857115637914171,0.6071265149954019,0.1608369732527546,0.0042929825184986,-0.8112720593949728,-0.1601510681878614
111,1,0.13212102865771233,0.6284967780970528,0.02725635691830619,0.25189683776581423,-0.09693926354300514,0.3611813208584298
111,2,-0.45167274660580964,0.5951872839201612,0.15939054465622626,0.004486948545456441,-0.7560504092517202,-0.14729508395989915
112,1,0.0645939262024456,0.6464192269372886,0.005509540402640067,0.6084470227700753,-0.1872589266613457,0.31644677906623686
112,2,-0.46009140825375555,0.5873606241631674,0.15931661952139464,0.004497089086820334,-0.770227883013214,-0.14995493349429712
113,1,0.07212731104121345,0.6304179414151021,0.006358380035644817,0.5820041572630116,-0.1895427014088849,0.3337973234913118
113,2,-0.3744391140255195,0.5823101559194683,0.14417452746689818,0.00712589696372712,-0.6421417071547837,-0.10673652089625524
114,1,0.08112452172485074,0.6228936436616221,0.007773592822205466,0.5426167538364612,-0.18486174433597613,0.3471107877856776
114,2,-0.22351234186987518,0.5209013707916773,0.029846791693488584,0.23520105670163727,-0.5974471354442022,0.1504224517044519
115,1,0.1704159524264464,0.601893637646507,0.050410876469515475,0.11698512452298747,-0.04423289207488734,0.3850647969277801
115,2,-0.3331472549665011,0.5357409076963398,0.07393048919244782,0.058763965854281036,-0.6791418188374378,0.012847308904435695
116,1,0.1043094527565646,0.6112995966732682,0.01289561420885621,0.4323259986231388,-0.16053858453389525,0.3691574900470245
116,2,-0.42079814558232004,0.5615488397162323,0.16842694592563834,0.003402130395609451,-0.695171079737958,-0.14642521142668213
117,1,0.17438309485402925,0.603029329664967,0.045315929185290815,0.13774109397746173,-0.05790199920316355,0.40666818891122203
117,2,-0.397291264067323,0.5444334502345206,0.16125625599161042,0.00423830808669918,-0.663172941187461,-0.13140958694718502
118,1,0.2699028265242212,0.5626155706872014,0.13177486892086865,0.009570429553063333,0.06884551098696151,0.4709601420614809
118,2,-0.4214696745152978,0.5527428308393069,0.16786769866868112,0.0034610768136296,-0.6968303934919631,-0.14610895553863262
119,1,0.11863104546529553,0.5931977417435138,0.024726087292034515,0.2754616626782252,-0.09758928643689001,0.33485137736748105
119,2,-0.3813631964851485,0.5575551106656429,0.17424312714976908,0.002844386723740042,-0.6249815941145624,-0.13774479885573448
120,1,0.03130360255403922,0.6207031626482646,0.0016361061442894398,0.7803244633434565,-0.19310814277671606,0.2557153478847945
120,2,-0.43803444746519604,0.5413161722493837,0.15739772109457906,0.004768306195410713,-0.7354361106907645,-0.14063278423962755
121,1,0.0726030029122139,0.6141115228332921,0.006735420660359481,0.5709866305113304,-0.1832657561471161,0.3284717619715439
121,2,-0.37923707813366947,0.5346828009532257,0.1234125827220488,0.013320770369902845,-0.6758238114695782,-0.08265034479776079
122,1,0.07535098546452607,0.6068643161289244,0.006713127534171193,0.5716266943055348,-0.19064580882084808,0.3413477797499002
122,2,-0.4392868452337799,0.5729101192871339,0.1721349626903742,0.003035374216895951,-0.7219807582371316,-0.15659293223042825
123,1,-0.08040978360122769,0.6309765772225489,0.006806805827894169,0.5689463796114848,-0.36229133104867944,0.20147176384622406
123,2,-0.3506266864476149,0.525060065625493,0.06155402028696344,0.08563968450227703,-0.7523660877530347,0.051112714857804886
124,1,0.156874319587038,0.5965985695781388,0.027841949566389745,0.24679435767382732,-0.11214473343496556,0.4258933726090416
124,2,-0.27067300130141575,0.5141295264836228,0.029283441464530324,0.23973832161057038,-0.7279750355189796,0.18662903291614807
125,1,-0.08037770225733992,0.6224000637900651,0.006066818322591261,0.590817675950778,-0.37894776128224056,0.2181923567675607
125,2,-0.18423044907642908,0.5068855695926434,0.020731374657470436,0.3236308648355033,-0.5557839125190676,0.18732301436620938
126,1,0.023796249446681465,0.6020179342320695,0.0006740960175690702,0.8579571119750499,-0.2421009553208005,0.2896934542141634
126,2,-0.20379755333208704,0.5094846957166879,0.021089251288675004,0.31944567107039984,-0.6112368999640245,0.2036417932998505
127,1,0.021347679961591873,0.6180000317791845,0.000660097283209593,0.859424698414216,-0.21970718025079608,0.26240254017397985
127,2,-0.32481369623160616,0.520841697289265,0.07770975528753632,0.052426015208908015,-0.653176082861987,0.003548690398774701
128,1,-0.05150938994744842,0.6413135009207992,0.00437904776934428,0.6479661973490984,-0.27691054949816013,0.17389176960326327
128,2,-0.25289587419815784,0.5015426560985442,0.04592569104496791,0.13923835714646748,-0.5911382593813976,0.085346510985082
129,1,-0.06080021233416484,0.6461491820545524,0.004997038529468978,0.6256771746360259,-0.30978539397398225,0.18818496930565254
129,2,-0.21959945688645005,0.48664189250010215,0.0521959061231867,0.11435282159111085,-0.49419618882487815,0.054997275051978045
130,1,0.06589931785038461,0.6102161542731116,0.006124426090792778,0.5890550170490074,-0.17772845546172447,0.30952709116249366
130,2,-0.35184179581955416,0.5049527607119971,0.09946636499185957,0.02728889408350898,-0.6624996281636135,-0.041183963475494856
131,1,0.09449775303599273,0.6088540383103211,0.011372587420503177,0.4610564873640911,-0.16119636132041226,0.3501918673923977
131,2,-0.3655898222422974,0.5133160430276501,0.11381260564423246,0.017762921369442807,-0.664943591485244,-0.06623605299935081
132,1,-0.1123251673197401,0.6503011974823621,0.01951249787282383,0.33328967087938643,-0.343400846481266,0.11875051184178581
132,2,-0.2577744485545838,0.47605085528451335,0.06226802740863646,0.08378628593754785,-0.5513160826595567,0.03576718555038905
133,1,0.1140883170854502,0.6045451284077062,0.025325013723514256,0.2696498407283806,-0.0913156403556234,0.3194922745265238
133,2,-0.21646528510044427,0.47647812512943205,0.0332541624720013,0.20980774083635634,-0.5589525593718506,0.12602198917096208
134,1,0.11339016239707933,0.5990522017333463,0.019326749977762514,0.33562414068594615,-0.1210169013799095,0.34779722617406816
134,2,-0.134540880389376,0.4470227373681361,0.013030255345774178,0.43481361048377887,-0.47814056380289904,0.20905880302414703
135,1,0.10515817540491501,0.5924576084705565,0.010513661160534205,0.4785897276598692,-0.19090440664763753,0.40122075745746755
135,2,-0.17757389623668446,0.439945509828156,0.026129988462653464,0.267154087604806,-0.49568808803659414,0.14054029556322523
136,1,0.20993497551509482,0.5771534762595435,0.05234219643474991,0.11001904320740472,-0.04930213140637646,0.4691720824365661
136,2,-0.22158847726464354,0.4405367228312902,0.04092569369644694,0.1633141709529235,-0.5363620835068759,0.09318512897758874
137,1,0.15315506731108042,0.57939765449536,0.025342903412555517,0.26947856162494155,-0.12248457530577816,0.428794709927939
137,2,-0.15368082072177972,0.4409281292791782,0.018957091511533464,0.3454681069358536,-0.4780957653953489,0.17073412395178947
138,1,0.14009992651596637,0.5836670398284215,0.025706238242180768,0.2660284473618209,-0.11020890421767748,0.3904087572496102
138,2,-0.2099995331228587,0.45765901814404353,0.03461147977565526,0.20058739421569236,-0.5354480851862947,0.11544901894057732
139,1,0.047053626755615044,0.6034460782763658,0.0025486854835918837,0.7277106457603773,-0.2230891758901674,0.3171964294013975
139,2,-0.34963636696825423,0.5072746981409112,0.08886143775358879,0.037492156275565354,-0.6781664761608337,-0.021106257775674764
140,1,0.09094524721684641,0.6049678727186172,0.009018095996574882,0.5118270680351902,-0.18572853690082933,0.3676190313345221
140,2,-0.3137577112110146,0.5223438565484152,0.11164851307644674,0.018952051870660624,-0.5734645502902493,-0.05405087213177984
141,1,0.08749390404861919,0.6098773371150994,0.008078686522623446,0.5347696511178226,-0.19386366015409295,0.3688514682513313
141,2,-0.2428372056280808,0.5015791332383485,0.06155167203313883,0.08564585032515311,-0.5210797364091558,0.035405325152994216
142,1,0.08092049046172162,0.6203136915942649,0.005854277369088057,0.5974150722725449,-0.2251063019037961,0.38694728282723934
142,2,-0.3623772725509239,0.5365970924718749,0.11373371288929746,0.01780493852390329,-0.6592166357283318,-0.06553790937351595
143,1,-0.162420554623527,0.6815723362069633,0.030289790432484587,0.22675111477132798,-0.4291226366914822,0.1042815274444282
143,2,-0.16785523516844325,0.47688261194086434,0.03408640215107972,0.20409798369804832,-0.4300575262780196,0.09434705594113307
144,1,-0.18158532005188963,0.6786118563914947,0.03928829420222124,0.1676295395346196,-0.44217562709416414,0.07900498699038491
144,2,-0.2878232651367642,0.5013247213223739,0.06146841762043265,0.085864752521476,-0.6178486589245122,0.04220212865098383
145,1,-0.013013076176085901,0.6504449963264601,0.00020926263716170013,0.9205766164564116,-0.27404958153478215,0.24802342918261036
145,2,-0.18605307555420872,0.4871694394900164,0.027595399753916894,0.2539701455508325,-0.5101426377732087,0.13803648666479126
146,1,0.005909927339727191,0.6532897310892759,2.5118661952316934e-05,0.9724441688555814,-0.33629873882019223,0.3481185934996466
146,2,-0.29456237227613363,0.516793231131358,0.10142438463290071,0.02573584658186297,-0.5518426084369428,-0.03728213611532449
147,1,-0.08795275351366133,0.6581072508057197,0.007096154821829348,0.5608180306421136,-0.38988122105194833,0.21397571402462567
147,2,-0.27485585424134507,0.5096537006270762,0.0704703167612033,0.06525661235918741,-0.5677809255764364,0.018069217093746315
148,1,-0.00799181113929768,0.6360223906426558,9.370139588338322e-05,0.9468063223488552,-0.24757944642636162,0.23159582414776628
148,2,-0.1875943783328718,0.4964606784579339,0.030830850745360183,0.2275158103537581,-0.49623272865450996,0.12104397198876637
149,1,0.05646103380549347,0.6276821192930302,0.003944383825780662,0.6648044900601018,-0.20392255151931202,0.31684461913029893
149,2,-0.3375098479374721,0.49981694470708926,0.0776356046155563,0.052543381743072506,-0.6788837196496573,0.0038640237747132322
150,1,0.09151307511500578,0.6084877185846158,0.013893373177121138,0.41493803331664325,-0.13223216474302596,0.3152583149730375
150,2,-0.34381959916171007,0.5020926752568329,0.07853734739803642,0.05113413246402684,-0.6894042278845388,0.0017650295611186806
151,1,0.10349997665588853,0.5986435223846819,0.011021249189707816,0.46810325372165273,-0.1810318738063634,0.38803182711814044
151,2,-0.33475291512761235,0.5090481712812467,0.057936061245517645,0.09571509637804226,-0.7308604533209203,0.06135462306569561
152,1,0.09777298649302894,0.592827672772666,0.014310372612889477,0.4079730250575543,-0.13771896592827038,0.3332649389143283
152,2,-0.33656690816802487,0.5187261262618241,0.0817823324796132,0.04637419820861073,-0.6674979620400785,-0.005635854295971188
153,1,0.1956025726967672,0.5514302209756743,0.05699508209898696,0.09498588534971199,-0.035298216265663596,0.426503361659198
153,2,-0.23826531504020565,0.5136715661873198,0.019207323920577113,0.34227350775982246,-0.7378844181269952,0.2613537880465839
154,1,-0.03612432671798608,0.5998053808578095,0.0009660282599678327,0.8303374771780301,-0.3732621987349242,0.301013545298952
154,2,-0.33216178668290575,0.5414638693175607,0.05513272597818164,0.10437823080129546,-0.7356709220660488,0.07134734870023729
155,1,0.1516090323530642,0.5726070057171047,0.019056900278398348,0.3390539616756373,-0.16406104788009637,0.4672791125862248
155,2,-0.2103507063075191,0.5493452772522321,0.028571909828937425,0.24561818539982933,-0.5702679888077933,0.14956657619275507
156,1,0.18443479310968997,0.5461882743775086,0.033462416296671904,0.2035378893513119,-0.10322962364389171,0.47209920986327164
156,2,-0.4191486489815232,0.5862878770898506,0.09917621763951823,0.02752689060180544,-0.789835562996704,-0.048461734966342374
157,1,0.1521235745181612,0.5783374529835709,0.029253134683484117,0.2349953199239753,-0.10219371246333461,0.40644086149965697
157,2,-0.3675938808449786,0.5739573003440098,0.0966096852216366,0.029724939751378618,-0.6974455514398317,-0.03774221025012564
158,1,0.03950553467730573,0.6014696800290562,0.0017015432133473674,0.7760858292875498,-0.23819660087046285,0.3172076702250743
158,2,-0.4394989957016123,0.5985930121486948,0.13229627024867607,0.010199022233737011,-0.7697870388728254,-0.10921095253039931
159,1,0.19667100907182425,0.5676283515732279,0.037110983513045315,0.18013955759899433,-0.09405895698064312,0.4874009751242916
159,2,-0.29902610626952475,0.5606827891858102,0.07918067008212104,0.050152390744226644,-0.5982592989092115,0.00020708637016197962
160,1,0.12284892731397362,0.5853168275940862,0.014050259749423089,0.4122975375320388,-0.1758056310339306,0.42150348566187784
160,2,-0.3133423912397789,0.5550861525726835,0.0767126115388671,0.054026999916391205,-0.6323325276712316,0.00564774519167377
161,1,0.2544722951088258,0.5599789237530518,0.09628319994107326,0.028302316284376537,0.028219478635024914,0.48072511158262665
161,2,-0.3109178819214079,0.565038602672906,0.08272290617045808,0.045080735987151774,-0.6147307161323445,-0.007105047710471268
162,1,0.1188201266594168,0.5760147369035363,0.019677840358859333,0.33122948763654203,-0.12456737435162876,0.36220762767046233
162,2,-0.17523080396271107,0.5275977397561785,0.026983072763557492,0.2593812584532446,-0.48400996452112977,0.13354835659570763
163,1,0.13860373483282346,0.575511865424833,0.02356128401582247,0.28721235541529305,-0.12034304725001294,0.39755051691565985
163,2,-0.16385437821261942,0.5039477063319423,0.014719933990947842,0.40629581984175533,-0.5572305053843171,0.22952174895907826
164,1,0.25185138606036384,0.5709617612498799,0.06278859433194817,0.07923373374076907,-0.03052951188281805,0.5342322840035457
164,2,-0.25458185647466947,0.5283963169196423,0.05613586893576672,0.101186565519528,-0.5609086596474508,0.05174494669811197
165,1,0.18894231221947172,0.59054182033026,0.038355311794786795,0.17286699841932385,-0.08561711033826891,0.46350173477721235
165,2,-0.304211833475158,0.5145373898881241,0.06919993150099168,0.06782214224951566,-0.6316086918658037,0.02318502491548763
166,1,0.19546785617539855,0.6010603905032363,0.04087107288948566,0.15914341629073128,-0.07933319681175224,0.4702689091625494
166,2,-0.1633624346148824,0.47031463013002206,0.017616927363731882,0.3632721169566224,-0.5213356920845772,0.19461082285481243
167,1,0.09175926760067983,0.6115919596490214,0.008997953057331864,0.5123009718674398,-0.18770605092640008,0.3712245861277597
167,2,-0.2774631509680223,0.49603661826754003,0.060909893611222676,0.08734852511196983,-0.5971597816432314,0.042233479707186716
168,1,-0.003825333950582726,0.6307989540527383,1.744802188829997e-05,0.9770324907471599,-0.2695947698510965,0.26194410194993106
168,2,-0.40015989178909095,0.5378627333408684,0.11282333375873599,0.01829700488220431,-0.7294374870046383,-0.07088229657354361
169,1,0.06528306003942812,0.6322736295550011,0.006925461298529778,0.5655860274322742,-0.1615882822493137,0.29215440232816997
169,2,-0.41260534681941485,0.5354033962752459,0.1318399713705145,0.010340090627739756,-0.7233003208106588,-0.10191037282817089
170,1,0.09474162705517601,0.6344722097587169,0.01536951070007142,0.39101897807966646,-0.12532795824982507,0.31481121236017706
170,2,-0.2520981207037893,0.5227346019831846,0.04196559385472198,0.15795240332168237,-0.6055550562939929,0.1013588148864143
171,1,0.018932844088078774,0.6507520464855276,0.0005543113583178494,0.8710762345575362,-0.21437596468499523,0.2522416528611528
171,2,-0.2024482616859788,0.5196104758815855,0.027941544716432398,0.25097129793244943,-0.5528433988847563,0.14794687551279873
172,1,0.08548423455273742,0.6419901668137906,0.010895458307866979,0.4706676389416551,-0.15088826127534055,0.3218567303808154
172,2,-0.17742255681907218,0.5073636065440265,0.01913264208614973,0.34322282839518714,-0.550199921703321,0.1953548080651766
173,1,0.07502741473627345,0.6551906828875141,0.007384204138349837,0.5529420515603101,-0.1774202124292873,0.3274750419018342
173,2,-0.3724335140421694,0.5411965326843895,0.0972563860077229,0.02915500831999519,-0.7053957173032771,-0.0394713107810617
174,1,0.11977890280003435,0.6373646158842093,0.026030505654287883,0.2629945676633502,-0.09285096674971106,0.3324087723497798
174,2,-0.39646570841435186,0.5439278213985278,0.12773674310770267,0.011698359568294677,-0.7004803729414424,-0.09245104388726139
175,1,0.04341381642831165,0.6437876368206715,0.003912497954372207,0.6660822242163329,-0.15761680562590002,0.24444443848252334
175,2,-0.36513674602797136,0.5276741312999474,0.10987065533037665,0.019988001975138194,-0.6701117712691419,-0.06016172078680082
176,1,0.15696148789828313,0.6186229926404186,0.04041275647006304,0.1615506059749486,-0.06500564387331467,0.3789286196698809
176,2,-0.3720003625715364,0.5497110042410596,0.13567217475055438,0.009212686821994054,-0.6475248798970634,-0.09647584524600944
177,1,0.2398458488567775,0.5801438523462846,0.09141606345467002,0.03283493235352657,0.02040572346408681,0.4592859742494682
177,2,-0.3727385143923386,0.5526242158021646,0.12019181715144112,0.014672142954930053,-0.6686650098022322,-0.076812018982445
178,1,0.14739845382547626,0.6020845814589338,0.04013342991010416,0.16303747369942753,-0.061799672125343985,0.3565965797762965
178,2,-0.4122894313254748,0.5776956199758508,0.20587995078219745,0.0010586682701263241,-0.649897556665835,-0.17468130598511455
179,1,0.19816924547691422,0.5812569581988326,0.05621917205047289,0.09733328883135556,-0.037467044197258936,0.4338055351510874
179,2,-0.42164880740969096,0.5417163819497341,0.16246669098748134,0.004084263008415299,-0.7025753575303488,-0.1407222572890331
180,1,0.16813946799607904,0.5750342061233268,0.05468783838098179,0.10214793209150572,-0.0347336387675978,0.3710125747597559
180,2,-0.41713094741268253,0.5322421738461003,0.11151685872003325,0.019026897942742028,-0.762632320005584,-0.0716295748197811
181,1,0.1542274640282333,0.5793550918276987,0.03649650867363885,0.183857297339156,-0.07574469927537156,0.3841996273318382
181,2,-0.4275083541189409,0.527745087953757,0.09336523505309113,0.032757878763641446,-0.8184313565060715,-0.03658535173181032
182,1,0.12079897357535695,0.5684536173071278,0.020992155275743496,0.3154264630726128,-0.1186099765499352,0.3602079237006491
182,2,-0.3632695691887051,0.5300291850502968,0.07465224579486829,0.05749557697652174,-0.7385734895405633,0.012034351163153156
183,1,0.2971747094802022,0.5347078396517434,0.10922894323278132,0.01907001482634888,0.05088934950075283,0.5434600694596515
183,2,-0.30060803106002615,0.5324111050503246,0.06482401067890264,0.07748774869630072,-0.6356524109223551,0.03443634880230284
184,1,0.1765707794192495,0.5594876170715412,0.029964293266391495,0.22930254414898185,-0.11498606573420492,0.46812762457270396
184,2,-0.45326239451416217,0.5310936270451894,0.05883458943955011,0.09310177078151385,-0.9852350842389642,0.07871029521063988
185,1,0.21323150582292794,0.5599583798346932,0.0477956133552353,0.12718195815458813,-0.06297570376589295,0.4894387154117488
185,2,-0.04816635634360131,0.49259869513347976,0.0008304114794730477,0.8441786375688844,-0.5384413682711023,0.4421086555838998
186,1,0.20420121830378363,0.5680997831499925,0.034428219776556634,0.19702402032280827,-0.10963704727086432,0.5180394838784316
186,2,-0.32377010464442746,0.5331643420811196,0.06490180487413555,0.07730397130608956,-0.6843985676727959,0.036858358383941026
187,1,0.17906589529758207,0.5936930707397073,0.035767312187359845,0.18838199934919392,-0.09075353317051962,0.4488853237656838
187,2,-0.2856453723183983,0.5124429530387985,0.048548573916860294,0.12818192058251873,-0.6567149053616985,0.08542416072490183
188,1,0.14950527542161807,0.5862168746650217,0.01990684233375528,0.3284034425621013,-0.15493462753239912,0.45394517837563525
188,2,-0.3051721596935738,0.5342335646994062,0.09792308581970943,0.028578938115962266,-0.5769707395410846,-0.033373579846063095
189,1,-0.10656851815956082,0.6354580003859202,0.007816725460711882,0.5414947513495387,-0.4550061196409637,0.2418690833218421
189,2,-0.2855242397351229,0.5448049680534055,0.09824387003266821,0.028305846360713934,-0.5393629413170864,-0.03168553815315944
190,1,-0.45110795761446887,0.6839316929635016,0.11289621477597556,0.017051217399658564,-0.818086423715534,-0.08412949151340376
190,2,-0.2797915528828466,0.5315301405917452,0.07148557232144193,0.06327842279779078,-0.5756900509418266,0.01610694517613348
191,1,-0.14848615013719552,0.636648471315956,0.009797844929834265,0.49403678266165774,-0.5816928525500105,0.2847205522756194
191,2,-0.27566797414469874,0.5182830500811986,0.08405834903299503,0.04330697969145597,-0.5426935276811307,-0.008642420608266865
192,1,-0.1874355000164345,0.6352316184201243,0.014520207213664205,0.40453190431527186,-0.6355632839393326,0.2606922839064636
192,2,-0.11603346404199537,0.47724079084172577,0.008938676395792045,0.5181647108005063,-0.47455887928428725,0.24249195120029648
193,1,-0.2095624070995324,0.6506769604874535,0.03667310145277225,0.18278008140817997,-0.5212639622149327,0.10213914801586782
193,2,-0.23262375570405341,0.49075079686738743,0.054360871461634375,0.10690666658569532,-0.5173297481151946,0.05208223670708784
194,1,-0.08215420526813486,0.643859765182006,0.007728529264940609,0.5437935172868773,-0.35230682948893866,0.18799841895266897
194,2,-0.3503269749381041,0.5074063624368315,0.06312726973235117,0.0816113446173851,-0.7463572687188299,0.04570331884262169
195,1,0.02684682256250732,0.6153946292785668,0.0005759794769744087,0.868602326266577,-0.2976996152292348,0.35139326035424945
195,2,-0.35948065831116477,0.5369864140373969,0.11244209543793005,0.018507064481156743,-0.6558494328347169,-0.06311188378761268
196,1,0.08579199742415293,0.6110985434790799,0.009020142228013284,0.5117789682728472,-0.17517468668357072,0.3467586815318766
196,2,-0.308958288402892,0.53377237941939,0.08484939055567575,0.04228990037971081,-0.6067035142861246,-0.011213062519659422
197,1,0.10901765742600618,0.5882744489488961,0.010274867812483657,0.4836542084629639,-0.20149448694469968,0.419529801796712
197,2,-0.3463807268404104,0.5495303809308415,0.08999796873382737,0.036235938172558636,-0.6695883380950752,-0.02317311558574553
198,1,0.10276043380935883,0.5682995501861122,0.007258001602545638,0.5563670152890061,-0.2460168281464959,0.4515376957652136
198,2,-0.3173563319288975,0.5344028590968068,0.11650970306742592,0.01638426948391718,-0.573798857474888,-0.060913806382907
199,1,-0.03913599657753903,0.5806098217906078,0.001105572920429898,0.8205752112949627,-0.38433181744157524,0.3060598242864972
199,2,-0.32819504017650525,0.5342414641578861,0.11786135623372351,0.015733886229435796,-0.5916690331992162,-0.06472104715379434
200,1,0.04429037687774156,0.5746402151160231,0.0014609018838671606,0.7942926069647276,-0.29549479435507947,0.3840755481105626
200,2,-0.31748497107187296,0.5153311201687093,0.08908133256996964,0.03724571687095624,-0.6154001651740746,-0.019569776969671382
201,1,-0.10253755893380684,0.6049509572475413,0.008186680906076771,0.5363895981045183,-0.4337198024301509,0.22864468456253723
201,2,-0.2890182901525137,0.5192567836651506,0.08006112238376628,0.04883986677126251,-0.5765044951410434,-0.0015320851639838984
202,1,0.04882109953698044,0.5952304926268853,0.0027357705058635995,0.7211480801312706,-0.22470317744565116,0.32234537651961204
202,2,-0.3365049992539496,0.5316573068799838,0.08302339027186945,0.04467529563035838,-0.6646708989653238,-0.00833909954257539
203,1,0.13664569115201897,0.573519422534865,0.02042371045991087,0.327285646271693,-0.14105105086311698,0.4143424331671549
203,2,-0.25376539206745563,0.521024388628148,0.056511573069376486,0.10001795219740497,-0.5580325075154418,0.05050172338053055
204,1,0.21535367275404269,0.5444760488827675,0.06237550479273901,0.08351095321717725,-0.029655730005253844,0.4603630755133392
204,2,-0.4305123104072034,0.5324573406444266,0.11966791502651208,0.014904458817834726,-0.7731562152978468,-0.08786840551655989
205,1,0.13203605748340014,0.556495951538441,0.02424170848849372,0.2853950008491258,-0.11377708235125616,0.37784919731805644
205,2,-0.41006341123632417,0.5357985490147597,0.14463938907039398,0.007026311687327954,-0.7026843421383162,-0.11744248033433213
206,1,0.058431328701717536,0.5701273750920361,0.004248408722953179,0.6563530204375472,-0.20406978713542584,0.3209324445388609
206,2,-0.3300212831193689,0.5085219307890829,0.0914846359228858,0.03465663234840378,-0.6352019640267483,-0.02484060221198947
207,1,0.05273304495891795,0.5739826449504607,0.005373062614720814,0.616697398061032,-0.15780231166935402,0.2632684015871899
207,2,-0.23629485290240362,0.4901429964343197,0.06305173191140823,0.08180016222644199,-0.503587240934084,0.03099753512927675
208,1,-0.019636946291055613,0.6143809726759638,0.0007108660044353732,0.8557014511971762,-0.2356841726512642,0.19641028006915298
208,2,-0.3387383110237787,0.5152424319802852,0.1054952483629894,0.022784340993146458,-0.6281807621994745,-0.049295859848082935
209,1,0.1681610114624319,0.5725016463358065,0.05519784961562757,0.10416782326048381,-0.035992898104677484,0.3723149210295413
209,2,-0.2485787571334106,0.4933323444337051,0.05308953620864121,0.11121436342395753,-0.5566399818086022,0.05948246754178099
210,1,0.18723112979276801,0.565057098470451,0.0798092996914832,0.04921165040639083,0.0006733945040968969,0.37378886508143916
210,2,-0.22447273193735273,0.48503901737784405,0.02884044843017952,0.2433791543765413,-0.6067081389111012,0.15776267503639574
211,1,0.19928195623703604,0.5621079787810968,0.07223548875229269,0.0618569933348012,-0.010290682217755504,0.4088545946918276
211,2,-0.19571027753857656,0.490930396399999,0.028657638985016942,0.24490073582279404,-0.5300612778220916,0.13864072274493844
212,1,0.24767815865726084,0.5442021730858618,0.0952228578644505,0.03098517755885704,0.023645698615809757,0.4717106186987119
212,2,-0.19667746794820332,0.475815507806879,0.02834858969725007,0.24749889858105448,-0.5345611009742723,0.14120616507786568
213,1,0.20330245515048304,0.5534022646464035,0.05068196050296525,0.11988805215939383,-0.05489075682998659,0.4614956671309527
213,2,-0.24245067439772788,0.4914899736718945,0.06239399581412286,0.08346367885482019,-0.5182449322773065,0.033343583481850736
214,1,0.1440871533210666,0.5658093282662496,0.032296852649184804,0.21660482644694146,-0.08735329937015951,0.37552760601229274
214,2,-0.21725576980393893,0.47070205237155044,0.029797859333247634,0.2355911139181918,-0.5810308404231203,0.14651930081524236
215,1,0.015473632307597492,0.6028248384353394,0.0003912117698008366,0.8926969340857426,-0.21404840095905667,0.24499566557425165
215,2,-0.1747613296853351,0.46627031645617056,0.015311557832753508,0.3969500700774311,-0.5860134065775071,0.236490747206837
216,1,-0.00017420603202810347,0.6081826117756904,3.007366322638205e-08,0.9990564342757373,-0.29495083539477185,0.2946024233307156
216,2,-0.29025594074228894,0.5150967088945146,0.06928006303526046,0.0676572794472634,-0.602439136363444,0.021927254878866154
217,1,-0.1445545094376959,0.648078597095472,0.022406180263859432,0.3046290881637354,-0.42474280425598165,0.13563378538058987
217,2,-0.45582283283680347,0.5554441196335286,0.18843171459088826,0.0018317233035649871,-0.7334133606506226,-0.17823230502298437
218,1,-0.04980214021222155,0.648869245247703,0.003602317809012323,0.6820561480494731,-0.29285256337456583,0.19324828295012275
218,2,-0.4613589810044677,0.5580227122511151,0.14913581699163292,0.00613097499488472,-0.7847300443325101,-0.13798791767642526
219,1,0.10449229551525492,0.6189917307210336,0.014723685005993747,0.40623557888382333,-0.14633688873293882,0.35532147976344863
219,2,-0.26977803653972865,0.503756563034692,0.03300635919280892,0.21154324279677744,-0.6982699407398371,0.15871386766037976
220,1,0.05525882859404223,0.6221162437386497,0.00454867716451457,0.6451972107101529,-0.18462013521765758,0.295137792405742
220,2,-0.3478917542204801,0.5301526093134171,0.07187189029329732,0.06254202337831494,-0.7147443510839968,0.018960842643036657
221,1,0.07223961354298848,0.6193879102374994,0.008385947488682044,0.5314509857939151,-0.15827247952135554,0.3027517066073325
221,2,-0.2189039258147284,0.5007491880679241,0.02198198995784506,0.3093041357959334,-0.647370065786403,0.2095622141569462
222,1,0.15151037918352958,0.5998005916398492,0.03382253660420709,0.20588871961201632,-0.08611388336330345,0.3891346417303626
222,2,-0.2296014779538851,0.5156470601168642,0.034907557464430417,0.19863835696493418,-0.5838617395670972,0.12465878365932695
223,1,0.1863836092540444,0.5925447021279343,0.03689288183374284,0.18611266691328351,-0.09306165657947252,0.4658288750875613
223,2,-0.14762672239900518,0.4938164602566084,0.0099614545236969,0.49503631362367617,-0.5794963719068369,0.2842429271088265
224,1,-0.04063853801560692,0.6267981651407728,0.0009880179269557976,0.8320411874487288,-0.42415441375066254,0.3428773377194487
224,2,-0.19199989889786184,0.4905617036519838,0.015678720207652486,0.3913029903678329,-0.6384132401406601,0.2544134423449364
225,1,0.11966227154970896,0.5986930600459668,0.01309465574345603,0.43865983685490495,-0.18864962654692688,0.4279741696463448
225,2,-0.1090769257512783,0.47344665171533956,0.0049167034880868155,0.6321140373777021,-0.564430375794556,0.34627652429199945
226,1,0.2554708285857263,0.5889271318001909,0.060219677899179036,0.09273196926418961,-0.044050401401982575,0.5549920585734351
226,2,-0.21581620964438808,0.4958354651922525,0.04037865196780799,0.16621550851079586,-0.5245478471094214,0.09291542782064527
227,1,0.25018843516998746,0.5470059664162069,0.078206558815065,0.05422522980053067,-0.004732077770176146,0.5051089481101511
227,2,-0.23878013273880283,0.5079089875498098,0.05075104584283996,0.11962930898973265,-0.5418123391113272,0.06425207363372148
228,1,0.07448246234135175,0.5637057432304633,0.005859787140713446,0.6090603797461126,-0.21679872047129473,0.36576364515399823
228,2,-0.12909272823913057,0.4683955402565423,0.01115108219243044,0.47021383470358824,-0.4858158625365203,0.2276304060582592
229,1,0.1062088731114479,0.5721245776947327,0.01325302362316838,0.4514272264629017,-0.17563695298510823,0.388054699208004
229,2,-0.21766848436598368,0.5018238014718174,0.041802051660654316,0.16333407075682305,-0.5269590745038717,0.09162210577190438
230,1,0.125181135652702,0.573254455982671,0.028466033964190673,0.2736012323295813,-0.10254794849881091,0.3529102198042149
230,2,-0.16503974675689095,0.46961333836290076,0.017740354646888945,0.36679482181772893,-0.5295106686587661,0.19943117514498418
231,1,0.15675359178628256,0.5479969909653568,0.0398789658482922,0.1937232898718751,-0.08275585566815602,0.39626303924072115
231,2,-0.18210933976558416,0.47851232468556854,0.030093733342471785,0.24356178485829086,-0.49251853054447303,0.12829985101330468
232,1,0.3268707131295875,0.5003138893815735,0.16255146883462224,0.008110130667170569,0.0897813105808423,0.5639601156783327
232,2,-0.2399166748741456,0.5028240250767539,0.06102669180151665,0.09789760670343142,-0.5258436118143919,0.04601026206610062
233,1,0.015248255461015034,0.5830729130767577,0.00026852635078478126,0.9190040226075644,-0.2860978673646634,0.3165943782866935
233,2,-0.1713060080117216,0.4906880882099212,0.02195588208989807,0.3313519265318109,-0.5229326418948264,0.18032062587138317
234,1,0.19589618868628278,0.5561937644449118,0.05764092713479807,0.14097220648894127,-0.06794861741460023,0.4597409947871658
234,2,-0.3745323258548242,0.536343283335579,0.12129334107960987,0.022099762641683555,-0.6924784437110902,-0.05658620799855818
235,1,0.1309535331750903,0.5812007206773535,0.019102542109247667,0.4214696236933274,-0.1961008262208208,0.4580078925710014
235,2,-0.26118194454656196,0.5323962167064177,0.041216061643750246,0.20896660027482608,-0.6748705499148673,0.15250666082174336
236,1,0.016583997367704117,0.6055088173538148,0.00022939790960141426,0.9333296827380655,-0.38445850301429574,0.41762649774970395
236,2,-0.41246564748023057,0.5872535360259339,0.17281687864882733,0.009440407646492382,-0.7174884924913054,-0.10744280246915572
237,1,-0.16222731160193807,0.6214324961119692,0.015646032204077565,0.5101549001378158,-0.6603482241770321,0.3358936009731559
237,2,-0.3887234541334762,0.5652598859571839,0.1362244909429412,0.03763234600929723,-0.7537014181412189,-0.023745490125733515
238,1,-0.14297882214314211,0.6682082552120285,0.016531248815769617,0.5587713173132077,-0.6434421033537228,0.3574844590674386
238,2,-0.40920559357951547,0.6238499947849723,0.224629753672695,0.014446154108834704,-0.7294969469094454,-0.08891424024958544
239,1,0.019492109103890837,0.6104618615757706,0.0003834304556582513,0.9346949279266636,-0.47334787915465193,0.5123320973624336
239,2,-0.6280684291647882,0.6178035132880548,0.20847861470552498,0.03267290262225462,-1.198888493050077,-0.05724836527949939
240,1,0.01972709052205803,0.6060700905593062,0.0005150751127994679,0.9243364805637706,-0.41059095916110583,0.45004514020522185
240,2,-0.6035879741389935,0.6832960595020712,0.21251903461964694,0.040780642533151265,-1.178942294044552,-0.028233654233434935
241,1,0.1306783934207997,0.6073392555513721,0.02087002409170824,0.5551466223274384,-0.3273395776716621,0.5886963645132615
241,2,-0.4494319986953519,0.6758856482499948,0.2106240735913476,0.048097660966769464,-0.8946492241397547,-0.0042147732509491
242,1,0.21775477947790978,0.5969049885692863,0.05397688174411919,0.3535588999001379,-0.2653831615483062,0.7008927205041258
242,2,-0.427611172921962,0.7102738032018782,0.20415289834073724,0.05978279151773809,-0.8750591592146864,0.01983681337076232
243,1,0.1120767705777703,0.6229848421083023,0.014189378700357858,0.637797597604798,-0.38301662651562884,0.6071701676711695
243,2,-0.6782724258154045,0.686716623738597,0.15720323051713736,0.10331907735707119,-1.5105943390723926,0.15404948744158375
244,1,0.18579482978823986,0.6010865130342258,0.052220572238683594,0.3617323560910275,-0.23369643254440925,0.6052860921208889
244,2,-0.7643992831022802,0.7048797833674069,0.29454299590339994,0.019953530900740275,-1.3913561524333942,-0.13744241377116628
245,1,0.17659500272535916,0.6078898252358006,0.060881718288361086,0.32361408090081323,-0.1909847453927661,0.5441747508434844
245,2,-0.06755221051727126,0.6001721422874005,0.0007795820708716983,0.9124290788773727,-1.3492798889488682,1.2141754679143257
246,1,0.19843933399376726,0.583653778710195,0.07869991927260844,0.2594918902185007,-0.16139089160080008,0.5582695595883346
246,2,-0.12615628520180008,0.6056435923418387,0.00461233674061734,0.7888851171338377,-1.1083586712540456,0.8560461008504455
247,1,0.20500919771282586,0.5819267604093807,0.08301766136395494,0.24626844541201653,-0.15608877755274783,0.5661071729783995
247,2,-0.5175960090781001,0.668329680499346,0.15646426460846963,0.10420722908325966,-1.1545257808405944,0.1193337626843941
248,1,-0.3376505562889158,0.6142101130262663,0.02909994358936685,0.49855270059208157,-1.3712806100057695,0.6959794974279379
248,2,-0.44413907719369705,0.6501131813847117,0.026578367043206708,0.5180442303869377,-1.8686369482303964,0.9803587938430023
249,1,0.15476098101130156,0.5979625712192737,0.04155664374791668,0.41715684229319683,-0.2391344435912696,0.5486564056138727
249,2,-0.5219984928384559,0.668756269829764,0.14243709976962893,0.12258651003494311,-1.2008068012313928,0.15680981555448104
250,1,0.09377559003702392,0.6068127077122146,0.007433297039984188,0.7337360662563678,-0.4805198681507931,0.668071048224841
250,2,-0.4593228008246497,0.6552471318873186,0.12895370420387287,0.14333032186259456,-1.0919941704912988,0.17334856884199934
251,1,0.29182939170491434,0.5931647763236194,0.10310747536244325,0.19385610527676675,-0.16432370199239893,0.7479824854022277
251,2,-0.5105863800771564,0.6602572323217946,0.14421881168829775,0.12008287247286274,-1.1697543655687337,0.1485816054144209
252,1,0.3162072771987108,0.6083073945991425,0.08063415002927066,0.2534705906987562,-0.24965795045658146,0.882072504854003
252,2,-0.3730926800065563,0.5997402070052769,0.0616616972275561,0.3204340971470251,-1.1444314883425897,0.3982461283294771
253,1,0.3298345194403645,0.6176785544692623,0.15546504629137015,0.10542023497843103,-0.07758798018076474,0.7372570190614938
253,2,-0.39884694129392123,0.6321817530407378,0.08116952781894626,0.251832249404782,-1.1100341224901504,0.3123402399023079
254,1,0.1384178156817237,0.6313610672328436,0.05308309571942882,0.35768821525964567,-0.1714141871012008,0.4482498184646482
254,2,-0.2986961106369926,0.6526182186755877,0.06748985815646102,0.29784197663820255,-0.8871244233710744,0.28973220209708933
255,1,0.10326033715181746,0.6371101773461681,0.017110986708879894,0.6049011758106602,-0.3115071649517851,0.51802783925542
255,2,-0.46562974577645355,0.6513804217436269,0.11854066963802667,0.161790437183811,-1.1385516065063017,0.2072921149533945
256,1,0.0757185269026286,0.6468506007167836,0.010509819961755928,0.6856327904895085,-0.3136552783402847,0.4650923321455419
256,2,-0.3085093201405674,0.6190776116654154,0.08848399826888276,0.23060639970782182,-0.8332860116140066,0.21626737133287177
257,1,-0.041036583527005135,0.6935494066425024,0.0026238239625823168,0.8400325923974432,-0.4650599736402669,0.38298680658625667
257,2,-0.29883776011257457,0.6178824626171794,0.10049967037939078,0.19991238882398732,-0.7726543758807619,0.17497885565561277
258,1,0.18305407884145625,0.6730009405824873,0.0640148556387673,0.31107001596223977,-0.18790838911417812,0.5540165467970906
258,2,-0.616124546092966,0.64066426749201,0.28095248588645794,0.023658429312460892,-1.1385055015530956,-0.09374359063283633
259,1,0.11601848510343209,0.6892420037290229,0.02306270150268508,0.54747013816724,-0.28416753762879343,0.5162045078356576
259,2,-0.4796408019892205,0.596062644617315,0.14060714308900968,0.12521272469853442,-1.1080821729131636,0.14880056893472254
260,1,-0.014438234943147006,0.7432171634380472,0.00047662332667419705,0.9314790455931616,-0.36485058545635674,0.33597411557006274
260,2,-0.5462195935938311,0.669092168872469,0.2372373699500624,0.04035837848896198,-1.0652907506501346,-0.02714843653752752
261,1,-0.22152740074441377,0.7658539533207801,0.06406897596436734,0.3108586127104126,-0.6702541418870924,0.22719934039826492
261,2,-0.6361390190064448,0.6504544536306232,0.30374139036350545,0.017757866042887416,-1.1465756163632113,-0.12570242164967826
262,1,0.010110464171143252,0.6986045953441521,0.00011259982415179337,0.9666670800186163,-0.49482311758357234,0.5150440459258588
262,2,-0.4625523418795553,0.6126569418137007,0.14906131460555816,0.11353468752538624,-1.048264196022115,0.12315951226300437
263,1,0.0720637815859368,0.676660089993769,0.00680185659716348,0.7449241066557974,-0.3894426217197566,0.5335701848916302
263,2,-0.6065950013366829,0.6074937577483145,0.1947735197079764,0.0667379089298842,-1.2602511704912183,0.04706116781785241
264,1,-0.0869625434911583,0.7137250484530434,0.00546233342745317,0.7707065680633673,-0.7088477379750093,0.5349226509926928
264,2,-0.686579939936115,0.5998297902092729,0.2267552052404438,0.045749631127438926,-1.3585152278370543,-0.014644652035175731
265,1,-0.18218249604524367,0.7313033911557463,0.021691366281313296,0.5597641638678379,-0.8306042943099607,0.46623930221947346
265,2,-0.41365633792680034,0.6119472208980584,0.17723621250158828,0.08189000717193243,-0.8859993623173368,0.05868668646373615
266,1,-0.47781130858787974,0.7483163074232777,0.16022285155102667,0.09976712451921473,-1.0575505411717872,0.10192792399602774
266,2,-0.6444897443692693,0.641986663883598,0.16511920727933016,0.09426234585844431,-1.4125334202174396,0.12355393147890092
267,1,-0.1379822053333853,0.7097480747321726,0.01922858015865092,0.5831826148515512,-0.6602459079991434,0.38428149733237277
267,2,-0.5334236852719255,0.6446175675949357,0.13683311134801213,0.13080996871595027,-1.243459981168801,0.17661261062494982
268,1,0.08399934310025843,0.6522325604176525,0.009856181781739304,0.6951068067145527,-0.36219817136156035,0.5301968575620772
268,2,-0.6792735065103592,0.6886634214544491,0.19213119567408488,0.06883353698543701,-1.4174710944848257,0.058924081464107214
269,1,-0.38217229795737345,0.7284549293567032,0.14180023385469098,0.123494127168991,-0.8804499338488172,0.1161053379340703
269,2,-0.607801846596123,0.7250224692944574,0.20091121221081065,0.06210408260142783,-1.2502142475587572,0.03461055436651106
270,1,-0.38284726298304306,0.7136669906388883,0.07604465099203828,0.2680273037012408,-1.090097614992303,0.32440308902621673
270,2,-0.5904678657708345,0.6856122393820308,0.17060098081135755,0.08845356336566307,-1.2804593545278538,0.09952362298618478
271,1,-0.10355091500211205,0.691219674958179,0.007095753740180233,0.7396486956390962,-0.75273045904682,0.5456286290425958
271,2,-0.6862088553071561,0.7038147802790528,0.27012095603708475,0.0270560006442006,-1.284013239188424,-0.08840447142588836
272,1,-0.23179198534553905,0.7171108036486994,0.03793107416969588,0.4386750946311908,-0.8504639088614591,0.386879938170381
272,2,-0.42374946219061616,0.661356483552832,0.050824407007149075,0.3684055375056743,-1.3942655752942223,0.54676665091299
273,1,-0.029629523654373376,0.7053982640682811,0.0007015089877359104,0.9169146109404238,-0.6222984184923237,0.563039371183577
273,2,-0.4898784140194141,0.6671475910687986,0.09936598296318189,0.20260861961813356,-1.2715063606028916,0.29174953256406333
274,1,-0.2592976353482143,0.7270064539958928,0.05380267035349884,0.3543589263650688,-0.8355914639024116,0.316996193205983
274,2,-0.44578174970072604,0.6619775700727156,0.08361707513032779,0.24449392014225216,-1.2278952127020095,0.33633171330055756
275,1,0.17136417522357614,0.6490378963059292,0.034764100296284406,0.45882095335885853,-0.30718628710707796,0.6499146375542303
275,2,-0.420507015477927,0.639150303894593,0.0888316136289734,0.2296487648918953,-1.1342556014514913,0.29324157049563737
276,1,-0.6260750528640471,0.7923873450636042,0.19106560246712556,0.06969646969609651,-1.308803918962464,0.05665381323436991
276,2,-0.07226114848318449,0.5892926839697704,0.0012891498735581042,0.8875226679649673,-1.1381931670812533,0.9936708701148842
277,1,0.024310167529528453,0.7137325279317435,0.0005809136531793602,0.924371421700366,-0.5100849093345582,0.558705244393615
277,2,-0.5614666461218126,0.6125637114111498,0.0733689817658677,0.2769589874753605,-1.6189598919850212,0.49602659974139607
278,1,0.1745957506512913,0.6693402209537976,0.041832034838159005,0.4155842026813289,-0.26825406360071313,0.6174455649032957
278,2,-0.06477042840911065,0.6006089869597239,0.0008057146666843318,0.910978854913816,-1.2736069565366184,1.1440660997183971
279,1,0.04943936100032067,0.6974810669529642,0.0033401560264270103,0.8198126137463821,-0.40316571602147344,0.5020444380221147
279,2,-0.5188827320878523,0.6837686296176422,0.1315950539426961,0.13900238173753932,-1.2253093389402852,0.18754387476458056
280,1,0.1439944410905604,0.6868310210326035,0.03793039255246888,0.4386792891092842,-0.2403421860284117,0.5283310682095325
280,2,-0.47540353973217037,0.6467113567317179,0.07327873515497996,0.27726623809282847,-1.3713962210630526,0.4205891415987119
281,1,0.0417569946495566,0.7036210909702751,0.0025086696779558215,0.8435404012232031,-0.3995273574052694,0.48304134670438265
281,2,-0.20319097926547044,0.6090150568532227,0.007353665995192937,0.7351173664426196,-1.45433185748099,1.047949898950049
282,1,0.059867540739658706,0.6807522799319509,0.0068730080987225994,0.7436356490955918,-0.3215290903285439,0.4412641718078613
282,2,-0.055772439275466636,0.5876760614161094,0.001429238959914536,0.8816075496875054,-0.8370639547405283,0.7255190761895951
283,1,0.08203729820601055,0.6669944080657967,0.009892524106573264,0.6945707887333692,-0.3529288205836122,0.5170034169956333
283,2,-0.27877269186119674,0.6253697135385028,0.05641706551824788,0.3425918833484749,-0.882987674494842,0.3254422907724484
284,1,0.06462285234053232,0.6796528541873585,0.00413916136276149,0.7997874229828987,-0.46661099822644925,0.5958567029075139
284,2,-0.39034245859944666,0.6195152043082374,0.06144791219309009,0.3213018531640801,-1.1988384792560667,0.4181535620571734
285,1,0.2767022249606878,0.6276942366147943,0.13092934812995172,0.14008039331740285,-0.10111187333909888,0.6545163232604745
285,2,-0.42938770391755204,0.6585044676105754,0.09446578030403974,0.21472560097328236,-1.1339530003506082,0.27517759251550405
286,1,0.0166456846489796,0.6853337315901189,0.0004900256398069347,0.9305245152061444,-0.3817753838754832,0.4150667531734424
286,2,-0.6152600604585603,0.6595777268520466,0.13387264734825222,0.1353778186094863,-1.4446526374412616,0.214132516524141
287,1,0.05881568780383897,0.6841405284011144,0.004342892658770192,0.8015889440557697,-0.4312879869510531,0.5489193625587311
287,2,-0.4994482749441194,0.6804728412810392,0.12330916902197486,0.1530493634772201,-1.20523345240584,0.20633690251760112
288,1,0.018540172187161114,0.730321785520171,0.0009987665509859633,0.9041602881927555,-0.3041562928911231,0.3412366372654453
288,2,-0.592546025569508,0.6713084240396978,0.21614488268204102,0.051894883301493486,-1.1905774134328793,0.005485362293863205
289,1,0.0871677899559752,0.7115221615056186,0.013594516239464949,0.6558548001125579,-0.3214632212295981,0.49579880114154845
289,2,-0.7794047725578382,0.6827281405107549,0.3406181429813845,0.010998524103248796,-1.3541218976172629,-0.20468764749841373
290,1,-0.057040545417563815,0.7404314665409292,0.006342583412942471,0.7612523005672567,-0.44995530423408786,0.33587421339896023
290,2,-0.45013435657410633,0.6218704580856516,0.11402691526050401,0.17054475013976925,-1.1151091870122065,0.2148404738639939
291,1,-0.12106233591151584,0.7605342218165525,0.02431878960250833,0.550055469687019,-0.5430710993931867,0.30094642757015494
291,2,-0.4085891522895157,0.6422960735521757,0.14443267669779292,0.11978583186789542,-0.9356219785417497,0.11844367396271832
292,1,-0.32175985300761495,0.8011246303088135,0.13066030510916193,0.15398460493023008,-0.7785157922720877,0.13499608625685777
292,2,-0.32323111144559197,0.6243165126293808,0.0467879658693342,0.3886349819824285,-1.0964408241619914,0.4499786012708075
293,1,-0.10735689651968454,0.7549248584692896,0.014943868489690648,0.6402155658440241,-0.5870443356935937,0.3723305426542246
293,2,-0.6825035190912226,0.7155283279984632,0.29223017118764083,0.02054359148624671,-1.2454211621518945,-0.11958587603055082
294,1,-0.17185973673937505,0.7565231452075905,0.04243362147792995,0.4276583178423111,-0.6211561637167757,0.2774366902380256
294,2,-0.633457206140901,0.6880988862709507,0.15291207702036325,0.10858353195165824,-1.4236209553824415,0.15670654310063958
295,1,-0.2820003592179038,0.7979632190020198,0.17697581973961296,0.09266764610863816,-0.6166793262301103,0.05267860779430278
295,2,-0.13207914332672066,0.6033049114437645,0.006209754671737677,0.7559448659333636,-1.017604203002721,0.7534459163492797
296,1,-0.25106865915385346,0.7468015282345483,0.03664852469825808,0.46170225067152737,-0.959480914090316,0.4573435957826091
296,2,-0.16252190402927627,0.5988258179044827,0.005616122691638359,0.7675839805551136,-1.3086340484474361,0.9835902403888837
297,1,-1.13811652472461,0.7711696737431524,0.17130066207339278,0.098627323733745,-2.5157545813339617,0.2395215318847419
297,2,-0.34460431224011545,0.6638094334852781,0.1094409703944097,0.1799505623977459,-0.8655813295507738,0.17637270507054292
298,1,-0.2729854257796069,0.7343374719011193,0.04731103209512133,0.41838512573597475,-0.9751742383882724,0.42920338682905873
298,2,-0.6043377683715436,0.6687888418124589,0.17877509726200946,0.08043700809092692,-1.2907954186189454,0.08211988187585806
299,1,-0.4666638166710428,0.7303034750023366,0.055337558018924926,0.3804699046435923,-1.5718935133805385,0.6385658800384528
299,2,-0.37947168720303814,0.6637626616516686,0.04178857887547538,0.41583180618650695,-1.3424970338952074,0.5835536594891311
300,1,-0.45928976120262294,0.7133792623094538,0.013539470602013992,0.6678179954487942,-2.7065111828649573,1.7879316604597115
300,2,-0.4591842065685791,0.6729523477779721,0.1364572682724493,0.13138108372283197,-1.0713752783737085,0.15300686523655033
301,1,-0.12439388548211695,0.7099874669210604,0.013758623819609461,0.6652851144447766,-0.7280967437036516,0.47930897273941775
301,2,-0.3590160054806669,0.6686734699272036,0.06061288677909926,0.3247191334226751,-1.1080647742963738,0.3900327633350401
302,1,-0.24687431070982166,0.7198411071427948,0.07752564203479662,0.2963809548072326,-0.7350211185585226,0.24127249713887924
302,2,-0.5300568134176095,0.6923646538916379,0.1818594745798232,0.07759986823809255,-1.1258902584699388,0.06577663163472003
303,1,0.07807990782687657,0.6693312493972539,0.011604531942190022,0.6912916158985905,-0.3349779973145863,0.4911378129683394
303,2,-0.20792753008781628,0.6327374864178212,0.02694707109629313,0.5151157932853409,-0.8701149287149241,0.45425986853929157
304,1,-0.23053988159335317,0.7283766068290499,0.05384133873456143,0.38717500390236914,-0.7845149414777725,0.32343517829106616
304,2,-0.2419291210481667,0.6288056557093534,0.015944771142207714,0.6175856515391143,-1.2491975184562532,0.7653392763599198
305,1,-0.17709048289979312,0.7264452749245757,0.040518702852937794,0.4547255498694053,-0.6710664268370743,0.3168854610374881
305,2,-0.3293042761894299,0.6194379098981909,0.04069442612887797,0.4221352557173116,-1.1766582278673066,0.5180496754884467
306,1,-0.2019087845820918,0.7132739535004292,0.05309418546988165,0.3905822674098244,-0.6906795395414833,0.28686197037729966
306,2,-0.29586866050473126,0.6035580594491877,0.061756171579751884,0.32005154413261316,-0.9070542561780089,0.3153169351685464
307,1,0.05739211609634544,0.6686807992775086,0.008538906230580401,0.7335771368410743,-0.29710200848726687,0.4118862406799577
307,2,-0.18019712930392354,0.5969933167196501,0.01555406681650695,0.6219624246459219,-0.9399603948595401,0.5795661362516931
308,1,-0.10780850597617782,0.7507401800684004,0.02822333452284398,0.5339897219507732,-0.4704288676565326,0.25481185570417697
308,2,-0.4137039738418718,0.6657921408746811,0.15710601176947325,0.10343549275903768,-0.9215548872422699,0.09414693955852621
309,1,-0.06332613221371139,0.7542011968589334,0.009738609337814785,0.7161516481856948,-0.42936693737473564,0.3027146729473129
309,2,-0.5411985719580098,0.6675385994143047,0.2592073839825938,0.030932824109976473,-1.0260824550870162,-0.05631468882900326
310,1,-0.02234250092012466,0.7442495594225982,0.0007713111130133177,0.9217347500684274,-0.5041855839983942,0.45950058215814493
310,2,-0.4989835833308251,0.6102361989408713,0.11143481734447114,0.1903726536502998,-1.2744265797060188,0.27645941304436855
311,1,-0.014825809901285718,0.7426208573172517,0.0003124239217769942,0.9501469745934488,-0.5173241440803604,0.487672524277789
311,2,-0.5233305040342778,0.604908164512292,0.13631613116119368,0.14471383313112846,-1.2482825089021365,0.20162150083358077
312,1,0.027631820921731644,0.7285401910598782,0.0010511538674641274,0.9086802546381936,-0.4827605518451513,0.5380241936886146
312,2,-0.6729171176083629,0.6772104596168332,0.29732350821925413,0.023588337151501985,-1.2422340375292085,-0.10360019768751727
313,1,-0.01674846131053197,0.7708935215563897,0.0007657334396229398,0.9220174510129144,-0.37926344244889315,0.3457665198278292
313,2,-0.5206081877608044,0.6241279836596008,0.09731941535838484,0.2394891226726127,-1.4294711108873253,0.3882547353657164
314,1,-0.2270319994255219,0.8085541631949531,0.0918792935626842,0.33820173149318034,-0.7299443380338299,0.2758803391827861
314,2,-0.3356353297066632,0.5539657900673253,0.02241692539360951,0.5943205384151422,-1.6636799735162286,0.9924093141029022
315,1,-0.08116810533738551,0.7793039143475413,0.008585880096352194,0.7745598391462536,-0.6957259977468033,0.5333897870720323
315,2,-0.47098581814116874,0.6216034552816513,0.15679539613225912,0.14399607264195793,-1.1254168025565534,0.18344516627421587
316,1,-0.006399656816584395,0.7849870079350963,0.00021022281930249687,0.9643287123451744,-0.3173659772113258,0.30456666357815704
316,2,-0.44541929514551026,0.6228665732106352,0.13137410397010707,0.18428046485170954,-1.1316761898601373,0.24083759956911677
317,1,-0.004050361867595452,0.7512101260278791,5.0021481969086956e-05,0.9845294905690595,-0.4709459547064366,0.4628452309712457
317,2,-0.14357945912198292,0.5904528890636186,0.013723414432094017,0.7031016630632494,-0.9513376245497859,0.6641787063058201
